{
  "variants": {
    "axis=x,bottom_shaft=false,top_shaft=false": {
      "model": "create_dd:block/andesite_encased_cogwheel",
      "x": 90,
      "y": 90
    },
    "axis=x,bottom_shaft=false,top_shaft=true": {
      "model": "create_dd:block/andesite_encased_cogwheel_top",
      "x": 90,
      "y": 90
    },
    "axis=x,bottom_shaft=true,top_shaft=false": {
      "model": "create_dd:block/andesite_encased_cogwheel_bottom",
      "x": 90,
      "y": 90
    },
    "axis=x,bottom_shaft=true,top_shaft=true": {
      "model": "create_dd:block/andesite_encased_cogwheel_top_bottom",
      "x": 90,
      "y": 90
    },
    "axis=y,bottom_shaft=false,top_shaft=false": {
      "model": "create_dd:block/andesite_encased_cogwheel"
    },
    "axis=y,bottom_shaft=false,top_shaft=true": {
      "model": "create_dd:block/andesite_encased_cogwheel_top"
    },
    "axis=y,bottom_shaft=true,top_shaft=false": {
      "model": "create_dd:block/andesite_encased_cogwheel_bottom"
    },
    "axis=y,bottom_shaft=true,top_shaft=true": {
      "model": "create_dd:block/andesite_encased_cogwheel_top_bottom"
    },
    "axis=z,bottom_shaft=false,top_shaft=false": {
      "model": "create_dd:block/andesite_encased_cogwheel",
      "x": 90,
      "y": 180
    },
    "axis=z,bottom_shaft=false,top_shaft=true": {
      "model": "create_dd:block/andesite_encased_cogwheel_top",
      "x": 90,
      "y": 180
    },
    "axis=z,bottom_shaft=true,top_shaft=false": {
      "model": "create_dd:block/andesite_encased_cogwheel_bottom",
      "x": 90,
      "y": 180
    },
    "axis=z,bottom_shaft=true,top_shaft=true": {
      "model": "create_dd:block/andesite_encased_cogwheel_top_bottom",
      "x": 90,
      "y": 180
    }
  }
}