{
	"credit": "Made with Blockbench",
	"textures": {
		"0": "create_dd:block/fan_blades",
		"1": "create_dd:block/fan_base",
		"2": "create:block/axis",
		"3": "create:block/axis_top",
		"particle": "create_dd:block/fan_blades"
	},
	"parent": "block/block",
	"elements": [
		{
			"from": [4, 9.75, 4],
			"to": [12, 10.75, 12],
			"rotation": {"angle": 0, "axis": "y", "origin": [8, 2.25, 8]},
			"faces": {
				"north": {"uv": [9, 1, 10, 7], "rotation": 90, "texture": "#1"},
				"east": {"uv": [9, 1, 10, 7], "rotation": 90, "texture": "#1"},
				"south": {"uv": [9, 1, 10, 7], "rotation": 90, "texture": "#1"},
				"west": {"uv": [9, 1, 10, 7], "rotation": 90, "texture": "#1"},
				"up": {"uv": [4, 1, 10, 7], "texture": "#1"}
			}
		},
		{
			"from": [4, 5.75, 4],
			"to": [12, 6.75, 12],
			"rotation": {"angle": 0, "axis": "x", "origin": [8, 2.25, 8]},
			"faces": {
				"north": {"uv": [9, 1, 10, 7], "rotation": 270, "texture": "#1"},
				"east": {"uv": [9, 1, 10, 7], "rotation": 270, "texture": "#1"},
				"south": {"uv": [9, 1, 10, 7], "rotation": 270, "texture": "#1"},
				"west": {"uv": [9, 1, 10, 7], "rotation": 270, "texture": "#1"},
				"down": {"uv": [4, 1, 10, 7], "texture": "#1"}
			}
		},
		{
			"from": [2, 6.75, 5.5],
			"to": [14, 9.75, 10.5],
			"rotation": {"angle": 45, "axis": "y", "origin": [8, 8.25, 8]},
			"faces": {
				"east": {"uv": [9, 11, 12, 16], "rotation": 90, "texture": "#1"},
				"west": {"uv": [12, 11, 9, 16], "rotation": 90, "texture": "#1"},
				"up": {"uv": [0, 11, 12, 16], "texture": "#1"},
				"down": {"uv": [0, 11, 12, 16], "texture": "#1"}
			}
		},
		{
			"from": [2, 6.75, 5.5],
			"to": [14, 9.75, 10.5],
			"rotation": {"angle": 0, "axis": "y", "origin": [8, 8.25, 8]},
			"faces": {
				"east": {"uv": [9, 11, 12, 16], "rotation": 90, "texture": "#1"},
				"west": {"uv": [12, 16, 9, 11], "rotation": 90, "texture": "#1"},
				"up": {"uv": [0, 11, 12, 16], "texture": "#1"},
				"down": {"uv": [0, 11, 12, 16], "texture": "#1"}
			}
		},
		{
			"from": [5.5, 6.75, 2],
			"to": [10.5, 9.75, 14],
			"rotation": {"angle": 45, "axis": "y", "origin": [8, 8.25, 8]},
			"faces": {
				"north": {"uv": [9, 11, 12, 16], "rotation": 90, "texture": "#1"},
				"south": {"uv": [9, 11, 12, 16], "rotation": 90, "texture": "#1"},
				"up": {"uv": [0, 11, 12, 16], "rotation": 270, "texture": "#1"},
				"down": {"uv": [0, 11, 12, 16], "rotation": 90, "texture": "#1"}
			}
		},
		{
			"from": [5.5, 6.75, 2],
			"to": [10.5, 9.75, 14],
			"rotation": {"angle": 0, "axis": "x", "origin": [8, 8.25, 8]},
			"faces": {
				"north": {"uv": [9, 11, 12, 16], "rotation": 270, "texture": "#1"},
				"south": {"uv": [9, 16, 12, 11], "rotation": 270, "texture": "#1"},
				"up": {"uv": [0, 11, 12, 16], "rotation": 90, "texture": "#1"},
				"down": {"uv": [0, 11, 12, 16], "rotation": 270, "texture": "#1"}
			}
		},
		{
			"from": [-16, 8.25, -16],
			"to": [32, 8.25, 32],
			"rotation": {"angle": 0, "axis": "y", "origin": [8, 11.25, 8]},
			"faces": {
				"up": {"uv": [0, 0, 16, 16], "texture": "#0"},
				"down": {"uv": [16, 0, 0, 16], "texture": "#0"}
			}
		},
		{
			"name": "Axis",
			"from": [6, 0, 6],
			"to": [10, 16, 10],
			"faces": {
				"north": {"uv": [6, 0, 10, 16], "texture": "#2"},
				"east": {"uv": [6, 0, 10, 16], "texture": "#2"},
				"south": {"uv": [6, 0, 10, 16], "texture": "#2"},
				"west": {"uv": [6, 0, 10, 16], "texture": "#2"},
				"up": {"uv": [6, 6, 10, 10], "texture": "#3"},
				"down": {"uv": [6, 6, 10, 10], "texture": "#3"}
			}
		}
	],
	"display": {
		"gui": {
			"rotation": [45, 135, 0],
			"scale": [0.42, 0.42, 0.42]
		},
		"head": {
			"rotation": [90, 0, 0],
			"translation": [0, 0, 7.5],
			"scale": [0.4, 0.4, 0.4]
		}
	}
}