{
	"credit": "Made with Blockbench",
	"parent": "block/block",
	"textures": {
		"0": "create:block/axis",
		"2": "create:block/andesite_casing_short",
		"3": "create:block/smooth_dark_log_top",
		"particle": "create:block/axis"
	},
	"elements": [
		{
			"name": "Connector",
			"from": [5, 5, 9],
			"to": [11, 11, 12],
			"rotation": {"angle": 0, "axis": "x", "origin": [8, 8, 8]},
			"faces": {
				"north": {"uv": [5, 5, 11, 11], "rotation": 180, "texture": "#3"},
				"east": {"uv": [13, 6, 16, 12], "rotation": 180, "texture": "#3"},
				"south": {"uv": [5, 5, 11, 11], "rotation": 180, "texture": "#3"},
				"west": {"uv": [0, 3, 3, 9], "rotation": 180, "texture": "#3"},
				"up": {"uv": [6, 13, 12, 16], "texture": "#3"},
				"down": {"uv": [6, 0, 12, 3], "texture": "#3"}
			}
		},
		{
			"name": "Connector",
			"from": [5, 5, 4],
			"to": [11, 11, 7],
			"rotation": {"angle": 0, "axis": "x", "origin": [8, 8, 8]},
			"faces": {
				"north": {"uv": [5, 5, 11, 11], "rotation": 180, "texture": "#3"},
				"east": {"uv": [13, 6, 16, 12], "rotation": 180, "texture": "#3"},
				"south": {"uv": [5, 5, 11, 11], "rotation": 180, "texture": "#3"},
				"west": {"uv": [0, 3, 3, 9], "rotation": 180, "texture": "#3"},
				"up": {"uv": [6, 13, 12, 16], "texture": "#3"},
				"down": {"uv": [6, 0, 12, 3], "texture": "#3"}
			}
		},
		{
			"name": "Arm",
			"from": [-2, 6, 3],
			"to": [14, 10, 6],
			"rotation": {"angle": 0, "axis": "x", "origin": [8, 8, 8]},
			"faces": {
				"north": {"uv": [0, 6, 16, 10], "rotation": 180, "texture": "#2"},
				"east": {"uv": [0, 0, 4, 3], "rotation": 270, "texture": "#2"},
				"south": {"uv": [0, 6, 16, 10], "rotation": 180, "texture": "#2"},
				"west": {"uv": [0, 0, 4, 3], "rotation": 270, "texture": "#2"},
				"up": {"uv": [0, 6, 16, 9], "texture": "#2"},
				"down": {"uv": [0, 6, 16, 9], "texture": "#2"}
			}
		},
		{
			"name": "Arm",
			"from": [2, 6, 10],
			"to": [18, 10, 13],
			"rotation": {"angle": 0, "axis": "x", "origin": [8, 8, 8]},
			"faces": {
				"north": {"uv": [0, 6, 16, 10], "rotation": 180, "texture": "#2"},
				"east": {"uv": [0, 0, 4, 3], "rotation": 270, "texture": "#2"},
				"south": {"uv": [0, 6, 16, 10], "rotation": 180, "texture": "#2"},
				"west": {"uv": [0, 0, 4, 3], "rotation": 270, "texture": "#2"},
				"up": {"uv": [0, 6, 16, 9], "rotation": 180, "texture": "#2"},
				"down": {"uv": [0, 6, 16, 9], "rotation": 180, "texture": "#2"}
			}
		},
		{
			"name": "Connector",
			"from": [14, 7.1, 13],
			"to": [16, 9.1, 14],
			"rotation": {"angle": 0, "axis": "x", "origin": [8, 8, 8]},
			"faces": {
				"north": {"uv": [0, 0, 2, 2], "rotation": 180, "texture": "#2"},
				"east": {"uv": [0, 0, 1, 2], "rotation": 180, "texture": "#2"},
				"south": {"uv": [0, 0, 2, 2], "rotation": 180, "texture": "#2"},
				"west": {"uv": [0, 0, 1, 2], "rotation": 180, "texture": "#2"},
				"up": {"uv": [0, 0, 2, 1], "texture": "#2"},
				"down": {"uv": [0, 0, 2, 1], "texture": "#2"}
			}
		},
		{
			"name": "Connector",
			"from": [0, 7, 2],
			"to": [2, 9, 3],
			"rotation": {"angle": 0, "axis": "x", "origin": [8, 8, 8]},
			"faces": {
				"north": {"uv": [0, 0, 2, 2], "rotation": 180, "texture": "#2"},
				"east": {"uv": [0, 0, 1, 2], "rotation": 180, "texture": "#2"},
				"south": {"uv": [0, 0, 2, 2], "rotation": 180, "texture": "#2"},
				"west": {"uv": [0, 0, 1, 2], "rotation": 180, "texture": "#2"},
				"up": {"uv": [0, 0, 2, 1], "texture": "#2"},
				"down": {"uv": [0, 0, 2, 1], "texture": "#2"}
			}
		},
		{
			"name": "Grip",
			"from": [13.5, 6.5, 14],
			"to": [16.5, 9.5, 20],
			"rotation": {"angle": -45, "axis": "z", "origin": [15, 8, 17]},
			"faces": {
				"north": {"uv": [7, 5, 10, 8], "rotation": 270, "texture": "#0"},
				"east": {"uv": [7, 1, 10, 7], "rotation": 270, "texture": "#0"},
				"south": {"uv": [6, 11, 9, 14], "rotation": 180, "texture": "#0"},
				"west": {"uv": [7, 1, 10, 7], "rotation": 270, "texture": "#0"},
				"up": {"uv": [7, 1, 10, 7], "rotation": 180, "texture": "#0"},
				"down": {"uv": [7, 1, 10, 7], "rotation": 180, "texture": "#0"}
			}
		},
		{
			"name": "Grip",
			"from": [-0.5, 6.5, -4],
			"to": [2.5, 9.5, 2],
			"rotation": {"angle": -45, "axis": "z", "origin": [1, 8, -1]},
			"faces": {
				"north": {"uv": [6, 11, 9, 14], "rotation": 270, "texture": "#0"},
				"east": {"uv": [7, 1, 10, 7], "rotation": 270, "texture": "#0"},
				"south": {"uv": [7, 5, 10, 8], "rotation": 180, "texture": "#0"},
				"west": {"uv": [7, 1, 10, 7], "rotation": 270, "texture": "#0"},
				"up": {"uv": [7, 1, 10, 7], "rotation": 180, "texture": "#0"},
				"down": {"uv": [7, 1, 10, 7], "rotation": 180, "texture": "#0"}
			}
		}
	],
	"groups": [
		{
			"name": "shaft_half",
			"origin": [8, 8, 8],
			"color": 0,
			"nbt": "{}",
			"children": [0, 1]
		},
		2,
		3,
		4,
		5,
		6,
		7
	]
}