{
	"credit": "Made with Blockbench",
	"parent": "block/block",
	"textures": {
		"0": "create:block/axis",
		"2": "create:block/andesite_casing_short",
		"4": "create:block/smooth_dark_log_top",
		"5": "create:block/cogwheel",
		"particle": "create:block/axis"
	},
	"elements": [
		{
			"name": "Connector",
			"from": [5, 5, 4],
			"to": [11, 11, 7],
			"rotation": {"angle": 0, "axis": "y", "origin": [0, 0, -7]},
			"faces": {
				"north": {"uv": [5, 5, 11, 11], "texture": "#4"},
				"east": {"uv": [13, 5, 16, 11], "texture": "#4"},
				"south": {"uv": [5, 5, 11, 11], "texture": "#4"},
				"west": {"uv": [0, 5, 3, 11], "texture": "#4"},
				"up": {"uv": [5, 0, 11, 3], "texture": "#4"},
				"down": {"uv": [4, 13, 10, 16], "texture": "#4"}
			}
		},
		{
			"name": "Arm",
			"from": [-2, 6, 3],
			"to": [14, 10, 6],
			"rotation": {"angle": 0, "axis": "y", "origin": [0, 0, -7]},
			"faces": {
				"north": {"uv": [0, 6, 16, 10], "texture": "#2"},
				"east": {"uv": [0, 0, 4, 3], "rotation": 90, "texture": "#2"},
				"south": {"uv": [0, 6, 16, 10], "texture": "#2"},
				"west": {"uv": [0, 0, 4, 3], "rotation": 90, "texture": "#2"},
				"up": {"uv": [0, 6, 16, 9], "texture": "#2"},
				"down": {"uv": [0, 6, 16, 9], "texture": "#2"}
			}
		},
		{
			"name": "Connector",
			"from": [5, 5, 9],
			"to": [11, 11, 12],
			"rotation": {"angle": 0, "axis": "y", "origin": [16, 0, 23]},
			"faces": {
				"north": {"uv": [5, 5, 11, 11], "texture": "#4"},
				"east": {"uv": [0, 5, 3, 11], "texture": "#4"},
				"south": {"uv": [5, 5, 11, 11], "texture": "#4"},
				"west": {"uv": [13, 5, 16, 11], "texture": "#4"},
				"up": {"uv": [5, 0, 11, 3], "rotation": 180, "texture": "#4"},
				"down": {"uv": [4, 13, 10, 16], "rotation": 180, "texture": "#4"}
			}
		},
		{
			"name": "Arm",
			"from": [2, 6, 10],
			"to": [18, 10, 13],
			"rotation": {"angle": 0, "axis": "y", "origin": [16, 0, 23]},
			"faces": {
				"north": {"uv": [0, 6, 16, 10], "texture": "#2"},
				"east": {"uv": [0, 0, 4, 3], "rotation": 90, "texture": "#2"},
				"south": {"uv": [0, 6, 16, 10], "texture": "#2"},
				"west": {"uv": [0, 0, 4, 3], "rotation": 90, "texture": "#2"},
				"up": {"uv": [0, 6, 16, 9], "rotation": 180, "texture": "#2"},
				"down": {"uv": [0, 6, 16, 9], "rotation": 180, "texture": "#2"}
			}
		},
		{
			"name": "Connector",
			"from": [0, 7, 2],
			"to": [2, 9, 3],
			"rotation": {"angle": 0, "axis": "y", "origin": [9, 8, 2]},
			"faces": {
				"north": {"uv": [0, 0, 2, 2], "texture": "#2"},
				"east": {"uv": [0, 0, 1, 2], "texture": "#2"},
				"south": {"uv": [0, 0, 2, 2], "texture": "#2"},
				"west": {"uv": [0, 0, 1, 2], "texture": "#2"},
				"up": {"uv": [0, 0, 2, 1], "texture": "#2"},
				"down": {"uv": [0, 0, 2, 1], "texture": "#2"}
			}
		},
		{
			"name": "Connector",
			"from": [14, 7, 13],
			"to": [16, 9, 14],
			"rotation": {"angle": 0, "axis": "y", "origin": [23, 8, 13]},
			"faces": {
				"north": {"uv": [0, 0, 2, 2], "texture": "#2"},
				"east": {"uv": [0, 0, 1, 2], "texture": "#2"},
				"south": {"uv": [0, 0, 2, 2], "texture": "#2"},
				"west": {"uv": [0, 0, 1, 2], "texture": "#2"},
				"up": {"uv": [0, 0, 2, 1], "texture": "#2"},
				"down": {"uv": [0, 0, 2, 1], "texture": "#2"}
			}
		},
		{
			"name": "Grip",
			"from": [-0.5, 6.5, -4],
			"to": [2.5, 9.5, 2],
			"rotation": {"angle": 45, "axis": "z", "origin": [1, 8, 2]},
			"faces": {
				"north": {"uv": [6, 11, 9, 14], "rotation": 90, "texture": "#0"},
				"east": {"uv": [7, 1, 10, 7], "rotation": 90, "texture": "#0"},
				"south": {"uv": [7, 5, 10, 8], "texture": "#0"},
				"west": {"uv": [7, 1, 10, 7], "rotation": 90, "texture": "#0"},
				"up": {"uv": [7, 1, 10, 7], "texture": "#0"},
				"down": {"uv": [7, 1, 10, 7], "texture": "#0"}
			}
		},
		{
			"name": "Grip",
			"from": [13.5, 6.5, 14],
			"to": [16.5, 9.5, 20],
			"rotation": {"angle": 45, "axis": "z", "origin": [15, 8, 20]},
			"faces": {
				"north": {"uv": [6, 11, 9, 14], "rotation": 90, "texture": "#0"},
				"east": {"uv": [7, 1, 10, 7], "rotation": 90, "texture": "#0"},
				"south": {"uv": [7, 5, 10, 8], "texture": "#0"},
				"west": {"uv": [7, 1, 10, 7], "rotation": 90, "texture": "#0"},
				"up": {"uv": [7, 1, 10, 7], "texture": "#0"},
				"down": {"uv": [7, 1, 10, 7], "texture": "#0"}
			}
		},
		{
			"name": "Gear",
			"from": [-1, 6.5, 6.5],
			"to": [17, 9.5, 9.5],
			"rotation": {"angle": 45, "axis": "z", "origin": [8, 8, 8]},
			"faces": {
				"north": {"uv": [7, 6, 16, 7.5], "texture": "#5"},
				"east": {"uv": [5, 8, 6.5, 9.5], "rotation": 90, "texture": "#5"},
				"south": {"uv": [7, 6, 16, 7.5], "texture": "#5"},
				"west": {"uv": [5, 8, 6.5, 9.5], "rotation": 90, "texture": "#5"},
				"up": {"uv": [7, 8, 16, 9.5], "texture": "#5"},
				"down": {"uv": [7, 8, 16, 9.5], "texture": "#5"}
			}
		},
		{
			"name": "Gear2",
			"from": [-1, 6.5, 6.5],
			"to": [17, 9.5, 9.5],
			"rotation": {"angle": -45, "axis": "z", "origin": [8, 8, 8]},
			"faces": {
				"north": {"uv": [7, 6, 16, 7.5], "texture": "#5"},
				"east": {"uv": [5, 8, 6.5, 9.5], "rotation": 90, "texture": "#5"},
				"south": {"uv": [7, 6, 16, 7.5], "texture": "#5"},
				"west": {"uv": [5, 8, 6.5, 9.5], "rotation": 90, "texture": "#5"},
				"up": {"uv": [7, 8, 16, 9.5], "texture": "#5"},
				"down": {"uv": [7, 8, 16, 9.5], "texture": "#5"}
			}
		},
		{
			"name": "Gear3",
			"from": [-1, 6.5, 6.5],
			"to": [17, 9.5, 9.5],
			"rotation": {"angle": 0, "axis": "x", "origin": [8, 8, 8]},
			"faces": {
				"north": {"uv": [7, 6, 16, 7.5], "texture": "#5"},
				"east": {"uv": [5, 8, 6.5, 9.5], "rotation": 90, "texture": "#5"},
				"south": {"uv": [7, 6, 16, 7.5], "texture": "#5"},
				"west": {"uv": [5, 8, 6.5, 9.5], "rotation": 90, "texture": "#5"},
				"up": {"uv": [7, 8, 16, 9.5], "texture": "#5"},
				"down": {"uv": [7, 8, 16, 9.5], "texture": "#5"}
			}
		},
		{
			"name": "Gear4",
			"from": [6.5, -1, 6.5],
			"to": [9.5, 17, 9.5],
			"rotation": {"angle": 0, "axis": "z", "origin": [8, 8, 8]},
			"faces": {
				"north": {"uv": [7, 6, 16, 7.5], "rotation": 90, "texture": "#5"},
				"east": {"uv": [7, 8, 16, 9.5], "rotation": 90, "texture": "#5"},
				"south": {"uv": [7, 6, 16, 7.5], "rotation": 90, "texture": "#5"},
				"west": {"uv": [7, 8, 16, 9.5], "rotation": 90, "texture": "#5"},
				"up": {"uv": [5, 8, 6.5, 9.5], "rotation": 90, "texture": "#5"},
				"down": {"uv": [5, 8, 6.5, 9.5], "rotation": 90, "texture": "#5"}
			}
		},
		{
			"name": "GearCaseInner",
			"from": [2, 2, 6.55],
			"to": [14, 14, 9.45],
			"rotation": {"angle": 0, "axis": "x", "origin": [8, 8, 8]},
			"faces": {
				"north": {"uv": [4, 0, 10, 6], "texture": "#5"},
				"east": {"uv": [0, 6, 6, 7.5], "rotation": 90, "texture": "#5"},
				"south": {"uv": [4, 0, 10, 6], "texture": "#5"},
				"west": {"uv": [0, 6, 6, 7.5], "rotation": 90, "texture": "#5"},
				"up": {"uv": [0, 6, 6, 7.5], "rotation": 180, "texture": "#5"},
				"down": {"uv": [0, 6, 6, 7.5], "rotation": 180, "texture": "#5"}
			}
		},
		{
			"name": "GearCaseOuter",
			"from": [4, 4, 6],
			"to": [12, 12, 10],
			"rotation": {"angle": 0, "axis": "x", "origin": [8, 8, 8]},
			"faces": {
				"north": {"uv": [0, 0, 4, 4], "texture": "#5"},
				"east": {"uv": [0, 4, 4, 6], "texture": "#5"},
				"south": {"uv": [0, 0, 4, 4], "texture": "#5"},
				"west": {"uv": [0, 4, 4, 6], "texture": "#5"},
				"up": {"uv": [0, 4, 4, 6], "texture": "#5"},
				"down": {"uv": [0, 4, 4, 6], "texture": "#5"}
			}
		}
	],
	"display": {
		"thirdperson_righthand": {
			"rotation": [-30, 0, 135],
			"scale": [0.375, 0.375, 0.375]
		},
		"thirdperson_lefthand": {
			"rotation": [-30, 0, -45],
			"scale": [0.375, 0.375, 0.375]
		},
		"firstperson_righthand": {
			"rotation": [100.5, 0, 4],
			"scale": [0.4, 0.4, 0.4]
		},
		"firstperson_lefthand": {
			"rotation": [100.5, 0, 180],
			"scale": [0.4, 0.4, 0.4]
		},
		"ground": {
			"translation": [0, 1, 0],
			"scale": [0.25, 0.25, 0.25]
		},
		"gui": {
			"rotation": [30, -135, -45],
			"scale": [0.625, 0.625, 0.625]
		},
		"head": {
			"rotation": [90, 0, 0],
			"translation": [0, 14.5, 0]
		},
		"fixed": {
			"translation": [0, 0, 0.25],
			"scale": [0.5, 0.5, 0.5]
		}
	},
	"groups": [
		{
			"name": "shaft_half",
			"origin": [8, 8, 8],
			"color": 0,
			"nbt": "{}",
			"children": []
		},
		0,
		1,
		2,
		3,
		4,
		5,
		6,
		7,
		8,
		9,
		10,
		11,
		12,
		13
	]
}