{
	"credit": "Made with Blockbench",
	"parent": "block/block",
	"textures": {
		"5": "create:block/brass_casing",
		"6": "create_dd:block/accelerator_motor",
		"particle": "create:block/brass_casing",
		"1_0": "create:block/axis"
	},
	"elements": [
		{
			"from": [12, 0, 2],
			"to": [14, 15, 4],
			"rotation": {"angle": 0, "axis": "x", "origin": [8, 8, 8]},
			"faces": {
				"north": {"uv": [9, 0, 7, 15], "rotation": 180, "texture": "#1_0"},
				"east": {"uv": [6, 15, 8, 0], "texture": "#1_0"},
				"south": {"uv": [8, 1, 6, 16], "texture": "#1_0"},
				"west": {"uv": [8, 16, 10, 1], "texture": "#1_0"},
				"up": {"uv": [14, 12, 16, 10], "rotation": 90, "texture": "#6"},
				"down": {"uv": [16, 10, 14, 12], "rotation": 180, "texture": "#6"}
			}
		},
		{
			"from": [2, 0, 2],
			"to": [4, 15, 4],
			"rotation": {"angle": 0, "axis": "x", "origin": [8, 8, 8]},
			"faces": {
				"north": {"uv": [9, 0, 7, 15], "rotation": 180, "texture": "#1_0"},
				"east": {"uv": [6, 15, 8, 0], "texture": "#1_0"},
				"south": {"uv": [8, 1, 6, 16], "texture": "#1_0"},
				"west": {"uv": [8, 16, 10, 1], "texture": "#1_0"},
				"up": {"uv": [14, 12, 16, 10], "rotation": 90, "texture": "#6"},
				"down": {"uv": [16, 10, 14, 12], "rotation": 180, "texture": "#6"}
			}
		},
		{
			"from": [2, 0, 12],
			"to": [4, 15, 14],
			"rotation": {"angle": 0, "axis": "x", "origin": [8, 8, 8]},
			"faces": {
				"north": {"uv": [9, 0, 7, 15], "rotation": 180, "texture": "#1_0"},
				"east": {"uv": [6, 15, 8, 0], "texture": "#1_0"},
				"south": {"uv": [8, 1, 6, 16], "texture": "#1_0"},
				"west": {"uv": [8, 16, 10, 1], "texture": "#1_0"},
				"up": {"uv": [14, 12, 16, 10], "rotation": 90, "texture": "#6"},
				"down": {"uv": [16, 10, 14, 12], "rotation": 180, "texture": "#6"}
			}
		},
		{
			"from": [12, 0, 12],
			"to": [14, 15, 14],
			"rotation": {"angle": 0, "axis": "x", "origin": [8, 8, 8]},
			"faces": {
				"north": {"uv": [9, 0, 7, 15], "rotation": 180, "texture": "#1_0"},
				"east": {"uv": [6, 15, 8, 0], "texture": "#1_0"},
				"south": {"uv": [8, 1, 6, 16], "texture": "#1_0"},
				"west": {"uv": [8, 16, 10, 1], "texture": "#1_0"},
				"up": {"uv": [14, 12, 16, 10], "rotation": 90, "texture": "#6"},
				"down": {"uv": [16, 10, 14, 12], "rotation": 180, "texture": "#6"}
			}
		},
		{
			"name": "Back",
			"from": [3, 12, 3],
			"to": [13, 14, 13],
			"faces": {
				"north": {"uv": [3, 2, 13, 0], "rotation": 180, "texture": "#5"},
				"east": {"uv": [3, 2, 13, 0], "rotation": 180, "texture": "#5"},
				"south": {"uv": [3, 2, 13, 0], "rotation": 180, "texture": "#5"},
				"west": {"uv": [3, 2, 13, 0], "rotation": 180, "texture": "#5"},
				"up": {"uv": [10, 0, 0, 10], "texture": "#6"},
				"down": {"uv": [10, 0, 0, 10], "rotation": 180, "texture": "#6"}
			}
		},
		{
			"name": "Back",
			"from": [3, 1.1, 3],
			"to": [13, 3.1, 13],
			"faces": {
				"north": {"uv": [3, 16, 13, 14], "rotation": 180, "texture": "#5"},
				"east": {"uv": [3, 16, 13, 14], "rotation": 180, "texture": "#5"},
				"south": {"uv": [3, 16, 13, 14], "rotation": 180, "texture": "#5"},
				"west": {"uv": [3, 16, 13, 14], "rotation": 180, "texture": "#5"},
				"up": {"uv": [10, 0, 0, 10], "texture": "#6"},
				"down": {"uv": [10, 0, 0, 10], "rotation": 180, "texture": "#6"}
			}
		},
		{
			"name": "Body",
			"from": [4, 2, 4],
			"to": [12, 12, 12],
			"faces": {
				"north": {"uv": [4, 2, 12, 12], "texture": "#5"},
				"east": {"uv": [4, 2, 12, 12], "texture": "#5"},
				"south": {"uv": [4, 2, 12, 12], "texture": "#5"},
				"west": {"uv": [4, 2, 12, 12], "texture": "#5"},
				"up": {"uv": [3, 3, 11, 11], "rotation": 180, "texture": "#5"},
				"down": {"uv": [0, 4, 8, 14], "texture": "#5"}
			}
		},
		{
			"from": [3, 4, 5],
			"to": [13, 10, 11],
			"faces": {
				"north": {"uv": [10, 0, 16, 6], "texture": "#6"},
				"east": {"uv": [10, 0, 16, 6], "texture": "#6"},
				"south": {"uv": [10, 0, 16, 6], "texture": "#6"},
				"west": {"uv": [10, 0, 16, 6], "texture": "#6"},
				"up": {"uv": [10, 0, 16, 6], "texture": "#6"},
				"down": {"uv": [10, 0, 16, 6], "texture": "#6"}
			}
		},
		{
			"from": [5, 4, 3],
			"to": [11, 10, 13],
			"rotation": {"angle": 0, "axis": "y", "origin": [8, 7, 8]},
			"faces": {
				"north": {"uv": [10, 0, 16, 6], "texture": "#6"},
				"east": {"uv": [10, 0, 16, 6], "texture": "#6"},
				"south": {"uv": [10, 0, 16, 6], "texture": "#6"},
				"west": {"uv": [10, 0, 16, 6], "texture": "#6"},
				"up": {"uv": [10, 0, 16, 6], "rotation": 90, "texture": "#6"},
				"down": {"uv": [10, 0, 16, 6], "rotation": 270, "texture": "#6"}
			}
		}
	],
	"display": {
		"gui": {
			"rotation": [30, 45, 0],
			"scale": [0.625, 0.625, 0.625]
		}
	},
	"groups": [
		0,
		1,
		2,
		3,
		4,
		5,
		6,
		{
			"name": "shaft",
			"origin": [8, 8, 8],
			"color": 0,
			"nbt": "{}",
			"children": []
		},
		7,
		8
	]
}