{
	"credit": "Made with Blockbench",
	"parent": "block/block",
	"textures": {
		"5": "create:block/brass_casing",
		"6": "create_dd:block/accelerator_motor",
		"7": "create:block/flap_display_front",
		"1_1": "create:block/axis_top",
		"1_0": "create:block/axis",
		"particle": "create:block/brass_casing"
	},
	"elements": [
		{
			"name": "Axis",
			"from": [6, 6, 6],
			"to": [10, 10, 16],
			"rotation": {"angle": 22.5, "axis": "z", "origin": [8, 8, 8]},
			"faces": {
				"north": {"uv": [6, 6, 10, 10], "rotation": 180, "texture": "#1_1"},
				"east": {"uv": [6, 0, 10, 10], "rotation": 270, "texture": "#1_0"},
				"south": {"uv": [6, 6, 10, 10], "texture": "#1_1"},
				"west": {"uv": [6, 0, 10, 10], "rotation": 90, "texture": "#1_0"},
				"up": {"uv": [6, 0, 10, 10], "rotation": 180, "texture": "#1_0"},
				"down": {"uv": [6, 0, 10, 10], "texture": "#1_0"}
			}
		},
		{
			"from": [12, 12, 0],
			"to": [14, 14, 15],
			"faces": {
				"north": {"uv": [16, 10, 14, 12], "texture": "#6"},
				"east": {"uv": [6, 15, 8, 0], "rotation": 270, "texture": "#1_0"},
				"south": {"uv": [14, 12, 16, 10], "rotation": 90, "texture": "#6"},
				"west": {"uv": [8, 16, 10, 1], "rotation": 90, "texture": "#1_0"},
				"up": {"uv": [9, 0, 7, 15], "texture": "#1_0"},
				"down": {"uv": [8, 1, 6, 16], "texture": "#1_0"}
			}
		},
		{
			"from": [2, 12, 0],
			"to": [4, 14, 15],
			"faces": {
				"north": {"uv": [16, 10, 14, 12], "texture": "#6"},
				"east": {"uv": [6, 15, 8, 0], "rotation": 270, "texture": "#1_0"},
				"south": {"uv": [14, 12, 16, 10], "rotation": 90, "texture": "#6"},
				"west": {"uv": [8, 16, 10, 1], "rotation": 90, "texture": "#1_0"},
				"up": {"uv": [9, 0, 7, 15], "texture": "#1_0"},
				"down": {"uv": [8, 1, 6, 16], "texture": "#1_0"}
			}
		},
		{
			"from": [2, 2, 0],
			"to": [4, 4, 15],
			"faces": {
				"north": {"uv": [16, 10, 14, 12], "texture": "#6"},
				"east": {"uv": [6, 15, 8, 0], "rotation": 270, "texture": "#1_0"},
				"south": {"uv": [14, 12, 16, 10], "rotation": 90, "texture": "#6"},
				"west": {"uv": [8, 16, 10, 1], "rotation": 90, "texture": "#1_0"},
				"up": {"uv": [9, 0, 7, 15], "texture": "#1_0"},
				"down": {"uv": [8, 1, 6, 16], "texture": "#1_0"}
			}
		},
		{
			"from": [12, 2, 0],
			"to": [14, 4, 15],
			"faces": {
				"north": {"uv": [16, 10, 14, 12], "texture": "#6"},
				"east": {"uv": [6, 15, 8, 0], "rotation": 270, "texture": "#1_0"},
				"south": {"uv": [14, 12, 16, 10], "rotation": 90, "texture": "#6"},
				"west": {"uv": [8, 16, 10, 1], "rotation": 90, "texture": "#1_0"},
				"up": {"uv": [9, 0, 7, 15], "texture": "#1_0"},
				"down": {"uv": [8, 1, 6, 16], "texture": "#1_0"}
			}
		},
		{
			"from": [1, 0, 9.4],
			"to": [15, 3, 13.4],
			"faces": {
				"north": {"uv": [0, 0, 14, 3], "texture": "#7"},
				"east": {"uv": [9, 0, 13, 3], "texture": "#7"},
				"south": {"uv": [1, 0, 15, 3], "texture": "#7"},
				"west": {"uv": [9, 0, 13, 3], "texture": "#7"},
				"up": {"uv": [1, 4, 15, 8], "texture": "#7"},
				"down": {"uv": [1, 4, 15, 8], "texture": "#7"}
			}
		},
		{
			"from": [1, 0, 1.6],
			"to": [15, 3, 5.6],
			"faces": {
				"north": {"uv": [0, 0, 14, 3], "texture": "#7"},
				"east": {"uv": [9, 0, 13, 3], "texture": "#7"},
				"south": {"uv": [1, 0, 15, 3], "texture": "#7"},
				"west": {"uv": [9, 0, 13, 3], "texture": "#7"},
				"up": {"uv": [1, 8, 15, 4], "texture": "#7"},
				"down": {"uv": [1, 8, 15, 4], "texture": "#7"}
			}
		},
		{
			"name": "Back",
			"from": [3, 3, 12],
			"to": [13, 13, 14],
			"faces": {
				"north": {"uv": [10, 0, 0, 10], "texture": "#6"},
				"east": {"uv": [3, 2, 13, 0], "rotation": 90, "texture": "#5"},
				"south": {"uv": [10, 0, 0, 10], "texture": "#6"},
				"west": {"uv": [3, 2, 13, 0], "rotation": 270, "texture": "#5"},
				"up": {"uv": [3, 2, 13, 0], "texture": "#5"},
				"down": {"uv": [3, 2, 13, 0], "rotation": 180, "texture": "#5"}
			}
		},
		{
			"from": [3, 5, 4],
			"to": [13, 11, 10],
			"faces": {
				"north": {"uv": [10, 0, 16, 6], "texture": "#6"},
				"east": {"uv": [10, 0, 16, 6], "texture": "#6"},
				"south": {"uv": [10, 0, 16, 6], "texture": "#6"},
				"west": {"uv": [10, 0, 16, 6], "texture": "#6"},
				"up": {"uv": [10, 0, 16, 6], "texture": "#6"},
				"down": {"uv": [10, 0, 16, 6], "texture": "#6"}
			}
		},
		{
			"from": [5, 7, 4],
			"to": [11, 13, 10],
			"faces": {
				"north": {"uv": [10, 0, 16, 6], "texture": "#6"},
				"east": {"uv": [10, 0, 16, 6], "texture": "#6"},
				"south": {"uv": [10, 0, 16, 6], "texture": "#6"},
				"west": {"uv": [10, 0, 16, 6], "texture": "#6"},
				"up": {"uv": [10, 0, 16, 6], "texture": "#6"},
				"down": {"uv": [10, 0, 16, 6], "texture": "#6"}
			}
		},
		{
			"name": "Body",
			"from": [4, 4, 3],
			"to": [12, 12, 12],
			"faces": {
				"north": {"uv": [0, 4, 8, 14], "rotation": 180, "texture": "#5"},
				"east": {"uv": [4, 12, 12, 3], "rotation": 90, "texture": "#5"},
				"south": {"uv": [3, 3, 11, 11], "rotation": 180, "texture": "#5"},
				"west": {"uv": [4, 3, 12, 12], "rotation": 90, "texture": "#5"},
				"up": {"uv": [4, 3, 12, 12], "rotation": 180, "texture": "#5"},
				"down": {"uv": [4, 3, 12, 12], "rotation": 180, "texture": "#5"}
			}
		},
		{
			"name": "Back",
			"from": [3, 3, 1.1],
			"to": [13, 13, 3.1],
			"faces": {
				"north": {"uv": [0, 0, 10, 10], "texture": "#6"},
				"east": {"uv": [3, 0, 13, 2], "rotation": 90, "texture": "#5"},
				"south": {"uv": [0, 0, 10, 10], "texture": "#6"},
				"west": {"uv": [3, 0, 13, 2], "rotation": 270, "texture": "#5"},
				"up": {"uv": [3, 0, 13, 2], "texture": "#5"},
				"down": {"uv": [3, 0, 13, 2], "rotation": 180, "texture": "#5"}
			}
		}
	],
	"display": {
		"gui": {
			"rotation": [30, 45, 0],
			"scale": [0.625, 0.625, 0.625]
		},
		"fixed": {
			"rotation": [0, -90, 0],
			"scale": [0.5, 0.5, 0.5]
		}
	},
	"groups": [
		{
			"name": "shaft",
			"origin": [8, 8, 8],
			"color": 0,
			"nbt": "{}",
			"children": [0]
		},
		{
			"name": "block",
			"origin": [8, 8, 8],
			"color": 0,
			"nbt": "{}",
			"children": [
				{
					"name": "shaft",
					"origin": [8, 8, 8],
					"color": 0,
					"nbt": "{}",
					"children": []
				}
			]
		},
		1,
		2,
		3,
		4,
		5,
		6,
		7,
		8,
		9,
		10,
		11
	]
}