{
	"parent": "create:block/block",
	"textures": {
		"slit": "create_dd:block/bronze_saw_top_no_slot",
		"particle": "create_dd:block/bronze_gearbox_top",
		"gearbox_top": "create_dd:block/bronze_gearbox_top",
		"encased_belt": "create_dd:block/bronze_casing_horizontal",
		"gearbox": "create_dd:block/bronze_gearbox",
		"andesite_casing_short": "create_dd:block/bronze_casing_short"
	},
	"elements": [
		{
			"name": "Bottom",
			"from": [0, 0, 0],
			"to": [16, 2, 12],
			"faces": {
				"north": {"uv": [0, 14, 16, 16], "texture": "#andesite_casing_short"},
				"east": {"uv": [4, 14, 16, 16], "texture": "#andesite_casing_short"},
				"south": {"uv": [0, 14, 16, 16], "texture": "#encased_belt"},
				"west": {"uv": [0, 14, 12, 16], "texture": "#andesite_casing_short"},
				"up": {"uv": [0, 4, 16, 16], "texture": "#andesite_casing_short"},
				"down": {"uv": [0, 4, 16, 16], "texture": "#andesite_casing_short"}
			}
		},
		{
			"name": "Top",
			"from": [0, 14, 0],
			"to": [16, 16, 12],
			"faces": {
				"north": {"uv": [0, 4, 16, 6], "texture": "#andesite_casing_short"},
				"east": {"uv": [4, 4, 16, 6], "texture": "#andesite_casing_short"},
				"south": {"uv": [0, 0, 16, 2], "texture": "#encased_belt"},
				"west": {"uv": [0, 4, 12, 6], "texture": "#andesite_casing_short"},
				"up": {"uv": [0, 4, 16, 16], "texture": "#andesite_casing_short"},
				"down": {"uv": [0, 4, 16, 16], "texture": "#andesite_casing_short"}
			}
		},
		{
			"name": "Back",
			"from": [0, 2, 0],
			"to": [2, 14, 2],
			"faces": {
				"north": {"uv": [14, 2, 16, 14], "texture": "#gearbox_top"},
				"east": {"uv": [14, 2, 16, 14], "texture": "#gearbox_top"},
				"south": {"uv": [0, 2, 2, 14], "texture": "#gearbox_top"},
				"west": {"uv": [0, 2, 2, 14], "texture": "#gearbox_top"}
			}
		},
		{
			"name": "Inner",
			"from": [0, 2, 2],
			"to": [16, 14, 11.025],
			"faces": {
				"east": {"uv": [2, 6, 14, 15], "rotation": 90, "texture": "#andesite_casing_short"},
				"south": {"uv": [0, 2, 16, 14], "texture": "#slit"},
				"west": {"uv": [2, 6, 14, 15], "rotation": 270, "texture": "#andesite_casing_short"}
			}
		},
		{
			"name": "Back",
			"from": [14, 2, 0],
			"to": [16, 14, 2],
			"faces": {
				"north": {"uv": [0, 2, 2, 14], "texture": "#gearbox_top"},
				"east": {"uv": [14, 2, 16, 14], "texture": "#gearbox_top"},
				"south": {"uv": [0, 2, 2, 14], "texture": "#gearbox_top"},
				"west": {"uv": [0, 2, 2, 14], "texture": "#gearbox_top"}
			}
		},
		{
			"name": "Back",
			"from": [2, 2, 0.95],
			"to": [14, 14, 1.95],
			"faces": {
				"north": {"uv": [2, 2, 14, 14], "texture": "#gearbox"}
			}
		}
	]
}