{
	"credit": "Made with Blockbench",
	"parent": "block/block",
	"textures": {
		"0": "create:block/axis_top",
		"1": "create:block/axis",
		"2": "create_dd:block/bronze_drill/drill_head",
		"10": "create_dd:block/bronze_drill/drill_side",
		"particle": "create_dd:block/bronze_drill/drill_head"
	},
	"elements": [
		{
			"name": "Axle",
			"from": [6, 6, 0],
			"to": [10, 10, 4],
			"faces": {
				"north": {"uv": [6, 6, 10, 10], "texture": "#0"},
				"east": {"uv": [6, 12, 10, 16], "rotation": 90, "texture": "#1"},
				"west": {"uv": [6, 0, 10, 4], "rotation": 270, "texture": "#1"},
				"up": {"uv": [6, 12, 10, 16], "texture": "#1"},
				"down": {"uv": [6, 0, 10, 4], "rotation": 180, "texture": "#1"}
			}
		},
		{
			"name": "Core",
			"from": [5, 5, 9],
			"to": [11, 11, 13],
			"rotation": {"angle": 45, "axis": "z", "origin": [8, 8, 8]},
			"faces": {
				"east": {"uv": [1, 0, 7, 4], "rotation": 270, "texture": "#10"},
				"south": {"uv": [5, 5, 11, 11], "texture": "#2"},
				"west": {"uv": [1, 0, 7, 4], "rotation": 90, "texture": "#10"},
				"up": {"uv": [1, 0, 7, 4], "rotation": 180, "texture": "#10"},
				"down": {"uv": [1, 0, 7, 4], "texture": "#10"}
			}
		},
		{
			"name": "Bottom",
			"from": [3, 6, 9],
			"to": [13, 10, 12],
			"rotation": {"angle": -45, "axis": "z", "origin": [8, 8, 8]},
			"faces": {
				"north": {"uv": [13, 4, 3, 0], "rotation": 180, "texture": "#10"},
				"east": {"uv": [4, 0, 1, 4], "texture": "#10"},
				"south": {"uv": [13, 4, 3, 0], "rotation": 180, "texture": "#10"},
				"west": {"uv": [4, 4, 0, 0], "rotation": 180, "texture": "#10"},
				"up": {"uv": [13, 0, 3, 3], "rotation": 180, "texture": "#10"},
				"down": {"uv": [13, 3, 3, 0], "rotation": 180, "texture": "#10"}
			}
		},
		{
			"name": "Bottom",
			"from": [3, 6, 9],
			"to": [13, 10, 12],
			"rotation": {"angle": 45, "axis": "z", "origin": [8, 8, 8]},
			"faces": {
				"north": {"uv": [13, 4, 3, 0], "rotation": 180, "texture": "#10"},
				"east": {"uv": [4, 0, 1, 4], "texture": "#10"},
				"south": {"uv": [16, 4, 6, 0], "rotation": 180, "texture": "#10"},
				"west": {"uv": [4, 4, 0, 0], "rotation": 180, "texture": "#10"},
				"up": {"uv": [13, 0, 3, 3], "rotation": 180, "texture": "#10"},
				"down": {"uv": [13, 3, 3, 0], "rotation": 180, "texture": "#10"}
			}
		},
		{
			"name": "Bit1",
			"from": [5.5, 5.5, 13],
			"to": [10.5, 10.5, 15],
			"rotation": {"angle": 0, "axis": "y", "origin": [8, 8, 8]},
			"faces": {
				"north": {"uv": [7, 8, 12, 13], "rotation": 90, "texture": "#2"},
				"east": {"uv": [8, 14, 13, 12], "rotation": 270, "texture": "#2"},
				"south": {"uv": [6, 5, 11, 10], "rotation": 270, "texture": "#2"},
				"west": {"uv": [8, 14, 13, 12], "rotation": 270, "texture": "#2"},
				"up": {"uv": [8, 14, 13, 12], "texture": "#2"},
				"down": {"uv": [8, 14, 13, 12], "rotation": 180, "texture": "#2"}
			}
		},
		{
			"name": "Bit2",
			"from": [6, 6, 15],
			"to": [10, 10, 17],
			"rotation": {"angle": 45, "axis": "z", "origin": [8, 8, 7]},
			"faces": {
				"north": {"uv": [9, 9, 13, 13], "texture": "#2"},
				"east": {"uv": [9, 14, 13, 12], "rotation": 90, "texture": "#2"},
				"south": {"uv": [6, 6, 10, 10], "texture": "#2"},
				"west": {"uv": [9, 14, 13, 12], "rotation": 270, "texture": "#2"},
				"up": {"uv": [9, 14, 13, 12], "texture": "#2"},
				"down": {"uv": [9, 14, 13, 12], "rotation": 180, "texture": "#2"}
			}
		},
		{
			"name": "Bit4",
			"from": [7, 7, 17],
			"to": [9, 9, 19],
			"rotation": {"angle": 0, "axis": "y", "origin": [8, 8, 7]},
			"faces": {
				"north": {"uv": [14, 14, 12, 12], "texture": "#2"},
				"east": {"uv": [10, 4, 12, 6], "texture": "#2"},
				"south": {"uv": [5, 5, 7, 7], "texture": "#2"},
				"west": {"uv": [8, 6, 10, 8], "texture": "#2"},
				"up": {"uv": [4, 8, 6, 10], "texture": "#2"},
				"down": {"uv": [10, 7, 12, 9], "texture": "#2"}
			}
		}
	],
	"groups": [
		{
			"name": "head",
			"origin": [8, 8, 8],
			"color": 0,
			"nbt": "{}",
			"children": [0, 1, 2, 3]
		},
		4,
		5,
		6
	]
}