{
  "variants": {
    "facing=west": {
      "model": "create_dd:block/cog_crank/block",
      "x": 90,
      "y": 90
    },
    "facing=east": {
      "model": "create_dd:block/cog_crank/block",
      "x": 90,
      "y": 90
    },
    "facing=up": {
      "model": "create_dd:block/cog_crank/block"
    },
    "facing=down": {
      "model": "create_dd:block/cog_crank/block"
    },
    "facing=north": {
      "model": "create_dd:block/cog_crank/block",
      "x": 90,
      "y": 180
    },
    "facing=south": {
      "model": "create_dd:block/cog_crank/block",
      "x": 90,
      "y": 180
    }
  }
}