{
  "variants": {
    "connection=none,facing=north": {
      "model": "create_dd:block/flywheel/casing_none",
      "y": 270
    },
    "connection=left,facing=north": {
      "model": "create_dd:block/flywheel/casing_left",
      "y": 270
    },
    "connection=right,facing=north": {
      "model": "create_dd:block/flywheel/casing_right",
      "y": 270
    },
    "connection=none,facing=south": {
      "model": "create_dd:block/flywheel/casing_none",
      "y": 90
    },
    "connection=left,facing=south": {
      "model": "create_dd:block/flywheel/casing_left",
      "y": 90
    },
    "connection=right,facing=south": {
      "model": "create_dd:block/flywheel/casing_right",
      "y": 90
    },
    "connection=none,facing=west": {
      "model": "create_dd:block/flywheel/casing_none",
      "y": 180
    },
    "connection=left,facing=west": {
      "model": "create_dd:block/flywheel/casing_left",
      "y": 180
    },
    "connection=right,facing=west": {
      "model": "create_dd:block/flywheel/casing_right",
      "y": 180
    },
    "connection=none,facing=east": {
      "model": "create_dd:block/flywheel/casing_none"
    },
    "connection=left,facing=east": {
      "model": "create_dd:block/flywheel/casing_left"
    },
    "connection=right,facing=east": {
      "model": "create_dd:block/flywheel/casing_right"
    }
  }
}