{
  "multipart": [
    {
      "apply": {
        "model": "create_dd:block/hydraulic_encased_fluid_pipe/block_flat",
        "x": -90
      },
      "when": {
        "down": "false"
      }
    },
    {
      "apply": {
        "model": "create_dd:block/hydraulic_encased_fluid_pipe/block_flat",
        "x": 90
      },
      "when": {
        "up": "false"
      }
    },
    {
      "apply": {
        "model": "create_dd:block/hydraulic_encased_fluid_pipe/block_flat",
        "y": 180
      },
      "when": {
        "north": "false"
      }
    },
    {
      "apply": {
        "model": "create_dd:block/hydraulic_encased_fluid_pipe/block_flat"
      },
      "when": {
        "south": "false"
      }
    },
    {
      "apply": {
        "model": "create_dd:block/hydraulic_encased_fluid_pipe/block_flat",
        "y": 90
      },
      "when": {
        "west": "false"
      }
    },
    {
      "apply": {
        "model": "create_dd:block/hydraulic_encased_fluid_pipe/block_flat",
        "y": 270
      },
      "when": {
        "east": "false"
      }
    },
    {
      "apply": {
        "model": "create_dd:block/hydraulic_encased_fluid_pipe/block_open",
        "x": -90
      },
      "when": {
        "down": "true"
      }
    },
    {
      "apply": {
        "model": "create_dd:block/hydraulic_encased_fluid_pipe/block_open",
        "x": 90
      },
      "when": {
        "up": "true"
      }
    },
    {
      "apply": {
        "model": "create_dd:block/hydraulic_encased_fluid_pipe/block_open",
        "y": 180
      },
      "when": {
        "north": "true"
      }
    },
    {
      "apply": {
        "model": "create_dd:block/hydraulic_encased_fluid_pipe/block_open"
      },
      "when": {
        "south": "true"
      }
    },
    {
      "apply": {
        "model": "create_dd:block/hydraulic_encased_fluid_pipe/block_open",
        "y": 90
      },
      "when": {
        "west": "true"
      }
    },
    {
      "apply": {
        "model": "create_dd:block/hydraulic_encased_fluid_pipe/block_open",
        "y": 270
      },
      "when": {
        "east": "true"
      }
    }
  ]
}