{
  "variants": {
    "facing=north,half=upper,hinge=left,open=false,visible=false": {
      "model": "create_dd:block/smoked_door/block_top",
      "y": 270
    },
    "facing=south,half=upper,hinge=left,open=false,visible=false": {
      "model": "create_dd:block/smoked_door/block_top",
      "y": 90
    },
    "facing=west,half=upper,hinge=left,open=false,visible=false": {
      "model": "create_dd:block/smoked_door/block_top",
      "y": 180
    },
    "facing=east,half=upper,hinge=left,open=false,visible=false": {
      "model": "create_dd:block/smoked_door/block_top"
    },
    "facing=north,half=lower,hinge=left,open=false,visible=false": {
      "model": "create_dd:block/smoked_door/block_bottom",
      "y": 270
    },
    "facing=south,half=lower,hinge=left,open=false,visible=false": {
      "model": "create_dd:block/smoked_door/block_bottom",
      "y": 90
    },
    "facing=west,half=lower,hinge=left,open=false,visible=false": {
      "model": "create_dd:block/smoked_door/block_bottom",
      "y": 180
    },
    "facing=east,half=lower,hinge=left,open=false,visible=false": {
      "model": "create_dd:block/smoked_door/block_bottom"
    },
    "facing=north,half=upper,hinge=right,open=false,visible=false": {
      "model": "create_dd:block/smoked_door/block_top",
      "y": 270
    },
    "facing=south,half=upper,hinge=right,open=false,visible=false": {
      "model": "create_dd:block/smoked_door/block_top",
      "y": 90
    },
    "facing=west,half=upper,hinge=right,open=false,visible=false": {
      "model": "create_dd:block/smoked_door/block_top",
      "y": 180
    },
    "facing=east,half=upper,hinge=right,open=false,visible=false": {
      "model": "create_dd:block/smoked_door/block_top"
    },
    "facing=north,half=lower,hinge=right,open=false,visible=false": {
      "model": "create_dd:block/smoked_door/block_bottom",
      "y": 270
    },
    "facing=south,half=lower,hinge=right,open=false,visible=false": {
      "model": "create_dd:block/smoked_door/block_bottom",
      "y": 90
    },
    "facing=west,half=lower,hinge=right,open=false,visible=false": {
      "model": "create_dd:block/smoked_door/block_bottom",
      "y": 180
    },
    "facing=east,half=lower,hinge=right,open=false,visible=false": {
      "model": "create_dd:block/smoked_door/block_bottom"
    },
    "facing=north,half=upper,hinge=left,open=true,visible=false": {
      "model": "create_dd:block/smoked_door/block_top"
    },
    "facing=south,half=upper,hinge=left,open=true,visible=false": {
      "model": "create_dd:block/smoked_door/block_top",
      "y": 180
    },
    "facing=west,half=upper,hinge=left,open=true,visible=false": {
      "model": "create_dd:block/smoked_door/block_top",
      "y": 270
    },
    "facing=east,half=upper,hinge=left,open=true,visible=false": {
      "model": "create_dd:block/smoked_door/block_top",
      "y": 90
    },
    "facing=north,half=lower,hinge=left,open=true,visible=false": {
      "model": "create_dd:block/smoked_door/block_bottom"
    },
    "facing=south,half=lower,hinge=left,open=true,visible=false": {
      "model": "create_dd:block/smoked_door/block_bottom",
      "y": 180
    },
    "facing=west,half=lower,hinge=left,open=true,visible=false": {
      "model": "create_dd:block/smoked_door/block_bottom",
      "y": 270
    },
    "facing=east,half=lower,hinge=left,open=true,visible=false": {
      "model": "create_dd:block/smoked_door/block_bottom",
      "y": 90
    },
    "facing=north,half=upper,hinge=right,open=true,visible=false": {
      "model": "create_dd:block/smoked_door/block_top",
      "y": 180
    },
    "facing=south,half=upper,hinge=right,open=true,visible=false": {
      "model": "create_dd:block/smoked_door/block_top"
    },
    "facing=west,half=upper,hinge=right,open=true,visible=false": {
      "model": "create_dd:block/smoked_door/block_top",
      "y": 90
    },
    "facing=east,half=upper,hinge=right,open=true,visible=false": {
      "model": "create_dd:block/smoked_door/block_top",
      "y": 270
    },
    "facing=north,half=lower,hinge=right,open=true,visible=false": {
      "model": "create_dd:block/smoked_door/block_bottom",
      "y": 180
    },
    "facing=south,half=lower,hinge=right,open=true,visible=false": {
      "model": "create_dd:block/smoked_door/block_bottom"
    },
    "facing=west,half=lower,hinge=right,open=true,visible=false": {
      "model": "create_dd:block/smoked_door/block_bottom",
      "y": 90
    },
    "facing=east,half=lower,hinge=right,open=true,visible=false": {
      "model": "create_dd:block/smoked_door/block_bottom",
      "y": 270
    },
    "facing=north,half=upper,hinge=left,open=false,visible=true": {
      "model": "create_dd:block/smoked_door/block_top",
      "y": 270
    },
    "facing=south,half=upper,hinge=left,open=false,visible=true": {
      "model": "create_dd:block/smoked_door/block_top",
      "y": 90
    },
    "facing=west,half=upper,hinge=left,open=false,visible=true": {
      "model": "create_dd:block/smoked_door/block_top",
      "y": 180
    },
    "facing=east,half=upper,hinge=left,open=false,visible=true": {
      "model": "create_dd:block/smoked_door/block_top"
    },
    "facing=north,half=lower,hinge=left,open=false,visible=true": {
      "model": "create_dd:block/smoked_door/block_bottom",
      "y": 270
    },
    "facing=south,half=lower,hinge=left,open=false,visible=true": {
      "model": "create_dd:block/smoked_door/block_bottom",
      "y": 90
    },
    "facing=west,half=lower,hinge=left,open=false,visible=true": {
      "model": "create_dd:block/smoked_door/block_bottom",
      "y": 180
    },
    "facing=east,half=lower,hinge=left,open=false,visible=true": {
      "model": "create_dd:block/smoked_door/block_bottom"
    },
    "facing=north,half=upper,hinge=right,open=false,visible=true": {
      "model": "create_dd:block/smoked_door/block_top",
      "y": 270
    },
    "facing=south,half=upper,hinge=right,open=false,visible=true": {
      "model": "create_dd:block/smoked_door/block_top",
      "y": 90
    },
    "facing=west,half=upper,hinge=right,open=false,visible=true": {
      "model": "create_dd:block/smoked_door/block_top",
      "y": 180
    },
    "facing=east,half=upper,hinge=right,open=false,visible=true": {
      "model": "create_dd:block/smoked_door/block_top"
    },
    "facing=north,half=lower,hinge=right,open=false,visible=true": {
      "model": "create_dd:block/smoked_door/block_bottom",
      "y": 270
    },
    "facing=south,half=lower,hinge=right,open=false,visible=true": {
      "model": "create_dd:block/smoked_door/block_bottom",
      "y": 90
    },
    "facing=west,half=lower,hinge=right,open=false,visible=true": {
      "model": "create_dd:block/smoked_door/block_bottom",
      "y": 180
    },
    "facing=east,half=lower,hinge=right,open=false,visible=true": {
      "model": "create_dd:block/smoked_door/block_bottom"
    },
    "facing=north,half=upper,hinge=left,open=true,visible=true": {
      "model": "create_dd:block/smoked_door/block_top"
    },
    "facing=south,half=upper,hinge=left,open=true,visible=true": {
      "model": "create_dd:block/smoked_door/block_top",
      "y": 180
    },
    "facing=west,half=upper,hinge=left,open=true,visible=true": {
      "model": "create_dd:block/smoked_door/block_top",
      "y": 270
    },
    "facing=east,half=upper,hinge=left,open=true,visible=true": {
      "model": "create_dd:block/smoked_door/block_top",
      "y": 90
    },
    "facing=north,half=lower,hinge=left,open=true,visible=true": {
      "model": "create_dd:block/smoked_door/block_bottom"
    },
    "facing=south,half=lower,hinge=left,open=true,visible=true": {
      "model": "create_dd:block/smoked_door/block_bottom",
      "y": 180
    },
    "facing=west,half=lower,hinge=left,open=true,visible=true": {
      "model": "create_dd:block/smoked_door/block_bottom",
      "y": 270
    },
    "facing=east,half=lower,hinge=left,open=true,visible=true": {
      "model": "create_dd:block/smoked_door/block_bottom",
      "y": 90
    },
    "facing=north,half=upper,hinge=right,open=true,visible=true": {
      "model": "create_dd:block/smoked_door/block_top",
      "y": 180
    },
    "facing=south,half=upper,hinge=right,open=true,visible=true": {
      "model": "create_dd:block/smoked_door/block_top"
    },
    "facing=west,half=upper,hinge=right,open=true,visible=true": {
      "model": "create_dd:block/smoked_door/block_top",
      "y": 90
    },
    "facing=east,half=upper,hinge=right,open=true,visible=true": {
      "model": "create_dd:block/smoked_door/block_top",
      "y": 270
    },
    "facing=north,half=lower,hinge=right,open=true,visible=true": {
      "model": "create_dd:block/smoked_door/block_bottom",
      "y": 180
    },
    "facing=south,half=lower,hinge=right,open=true,visible=true": {
      "model": "create_dd:block/smoked_door/block_bottom"
    },
    "facing=west,half=lower,hinge=right,open=true,visible=true": {
      "model": "create_dd:block/smoked_door/block_bottom",
      "y": 90
    },
    "facing=east,half=lower,hinge=right,open=true,visible=true": {
      "model": "create_dd:block/smoked_door/block_bottom",
      "y": 270
    }
  }
}