{
	"credit": "Made with Blockbench",
	"parent": "block/block",
	"texture_size": [32, 32],
	"textures": {
		"0": "create_dd:block/bronze_bell",
		"particle": "create_dd:block/bronze_block"
	},
	"elements": [
		{
			"from": [3, 5, 3],
			"to": [13, 16, 13],
			"faces": {
				"north": {"uv": [0.5, 0, 5.5, 5.5], "texture": "#0"},
				"east": {"uv": [0.5, 0, 5.5, 5.5], "texture": "#0"},
				"south": {"uv": [0.5, 0, 5.5, 5.5], "texture": "#0"},
				"west": {"uv": [0.5, 0, 5.5, 5.5], "texture": "#0"},
				"up": {"uv": [7, 10.5, 12, 15.5], "texture": "#0"}
			}
		},
		{
			"from": [6, 14, 6],
			"to": [10, 18, 10],
			"faces": {
				"north": {"uv": [8.5, 2.5, 6.5, 0.5], "texture": "#0"},
				"east": {"uv": [8.5, 2.5, 6.5, 0.5], "texture": "#0"},
				"south": {"uv": [8.5, 2.5, 6.5, 0.5], "texture": "#0"},
				"west": {"uv": [8.5, 2.5, 6.5, 0.5], "texture": "#0"},
				"up": {"uv": [8.5, 2.5, 6.5, 0.5], "texture": "#0"}
			}
		},
		{
			"from": [2, 0, 2],
			"to": [14, 5, 14],
			"faces": {
				"north": {"uv": [0, 5.5, 6, 8], "texture": "#0"},
				"east": {"uv": [0, 5.5, 6, 8], "texture": "#0"},
				"south": {"uv": [0, 5.5, 6, 8], "texture": "#0"},
				"west": {"uv": [0, 5.5, 6, 8], "texture": "#0"},
				"up": {"uv": [6.5, 10, 12.5, 16], "texture": "#0"},
				"down": {"uv": [0, 10, 6, 16], "texture": "#0"}
			}
		}
	]
}